<?xml version="1.0" encoding="UTF-8"?>
<project-private xmlns="http://www.netbeans.org/ns/project-private/1">
    <editor-bookmarks xmlns="http://www.netbeans.org/ns/editor-bookmarks/2" lastBookmarkId="0"/>
    <open-files xmlns="http://www.netbeans.org/ns/projectui-open-files/2">
        <group>
            <file>file:/C:/Users/aghaj/Documents/NetBeansProjects/Chess/src/chess/bigRook.java</file>
            <file>file:/C:/Users/aghaj/Documents/NetBeansProjects/Chess/src/chess/Pawn.java</file>
            <file>file:/C:/Users/aghaj/Documents/NetBeansProjects/Chess/src/chess/BBigRook.java</file>
            <file>file:/C:/Users/aghaj/Documents/NetBeansProjects/Chess/src/chess/Queen.java</file>
            <file>file:/C:/Users/aghaj/Documents/NetBeansProjects/Chess/src/chess/Bbishop.png</file>
            <file>file:/C:/Users/aghaj/Documents/NetBeansProjects/Chess/src/chess/Move.java</file>
            <file>file:/C:/Users/aghaj/Documents/NetBeansProjects/Chess/src/chess/Rook.java</file>
            <file>file:/C:/Users/aghaj/Documents/NetBeansProjects/Chess/src/chess/King.java</file>
            <file>file:/C:/Users/aghaj/Documents/NetBeansProjects/Chess/src/chess/BQueen.java</file>
            <file>file:/C:/Users/aghaj/Documents/NetBeansProjects/Chess/src/chess/BRook.java</file>
            <file>file:/C:/Users/aghaj/Documents/NetBeansProjects/Chess/src/chess/ChessMain.java</file>
            <file>file:/C:/Users/aghaj/Documents/NetBeansProjects/Chess/src/chess/Brook.png</file>
            <file>file:/C:/Users/aghaj/Documents/NetBeansProjects/Chess/src/chess/BKing.java</file>
            <file>file:/C:/Users/aghaj/Documents/NetBeansProjects/Chess/src/chess/BHorse.java</file>
            <file>file:/C:/Users/aghaj/Documents/NetBeansProjects/Chess/src/chess/horse.java</file>
            <file>file:/C:/Users/aghaj/Documents/NetBeansProjects/Chess/src/chess/BPawn.java</file>
            <file>file:/C:/Users/aghaj/Documents/NetBeansProjects/Chess/src/chess/BBishop.java</file>
            <file>file:/C:/Users/aghaj/Documents/NetBeansProjects/Chess/src/chess/Bpawn.png</file>
            <file>file:/C:/Users/aghaj/Documents/NetBeansProjects/Chess/src/chess/Bishop.java</file>
        </group>
    </open-files>
</project-private>
